OrderID,OrderDate,Region,Category,Product,Quantity,Discount,Sales,Profit
1,2024-11-23,East,Technology,Laptop,5,0.05,1912.2,133.85
2,2025-01-12,East,Technology,Laptop,7,0.0,469.27,37.54
3,2024-04-21,East,Technology,Phone,4,0.2,4318.84,172.75
4,2024-08-02,South,Technology,Phone,5,0.0,6089.79,487.18
5,2025-01-23,South,Technology,Phone,6,0.05,2587.5,181.13
6,2025-05-05,East,Furniture,Chair,2,0.1,1164.58,69.87
7,2025-03-09,North,Furniture,Chair,1,0.2,1100.0,44.0
8,2024-03-04,East,Furniture,Table,5,0.2,6237.59,249.5
9,2025-03-29,West,Furniture,Chair,2,0.05,175.64,12.29
10,2025-01-30,East,Furniture,Chair,4,0.15,5209.58,260.48
11,2024-05-22,North,Furniture,Table,3,0.05,1703.6,119.25
12,2024-12-09,East,Furniture,Chair,3,0.05,2431.58,170.21
13,2024-03-24,South,Furniture,Table,5,0.2,7422.47,296.9
14,2024-04-22,North,Office Supplies,Pen,1,0.0,358.99,28.72
15,2025-02-16,South,Furniture,Chair,5,0.2,589.8,23.59
16,2025-03-24,North,Office Supplies,Pen,4,0.15,3960.2,198.01
17,2025-03-28,South,Office Supplies,Pen,3,0.05,1236.07,86.52
18,2025-01-16,North,Office Supplies,Paper,7,0.15,9441.45,472.07
19,2024-07-04,West,Technology,Phone,8,0.0,1236.37,98.91
20,2025-03-16,West,Technology,Laptop,3,0.15,3576.83,178.84
21,2024-11-01,South,Technology,Laptop,7,0.15,6313.4,315.67
22,2024-09-27,East,Furniture,Chair,2,0.2,2057.86,82.31
23,2025-01-19,North,Furniture,Chair,2,0.05,908.76,63.61
24,2024-08-20,North,Technology,Laptop,3,0.0,2314.11,185.13
25,2025-03-21,North,Office Supplies,Pen,4,0.05,984.81,68.94
26,2024-10-03,East,Office Supplies,Paper,6,0.0,4458.82,356.71
27,2025-04-20,North,Furniture,Chair,4,0.2,422.92,16.92
28,2025-04-29,East,Technology,Laptop,8,0.2,9821.72,392.87
29,2025-01-27,West,Technology,Phone,8,0.05,11370.69,795.95
30,2024-05-15,South,Office Supplies,Paper,4,0.05,5579.17,390.54
31,2024-12-31,South,Furniture,Chair,6,0.2,4010.33,160.41
32,2024-08-19,West,Technology,Laptop,4,0.0,459.03,36.72
33,2024-10-28,West,Office Supplies,Paper,4,0.0,122.57,9.81
34,2024-04-27,East,Technology,Laptop,6,0.05,749.21,52.44
35,2024-05-22,South,Office Supplies,Pen,4,0.2,3272.26,130.89
36,2024-10-22,West,Furniture,Table,8,0.05,9720.76,680.45
37,2024-02-18,South,Technology,Laptop,6,0.15,3881.38,194.07
38,2025-03-18,East,Office Supplies,Pen,2,0.1,219.41,13.16
39,2025-02-13,West,Technology,Laptop,4,0.15,1206.04,60.3
40,2024-03-12,West,Furniture,Table,5,0.0,3523.45,281.88
41,2024-08-14,East,Office Supplies,Paper,1,0.2,985.17,39.41
42,2025-03-04,East,Technology,Laptop,4,0.15,1064.56,53.23
43,2024-09-03,South,Technology,Phone,1,0.0,263.66,21.09
44,2024-07-18,South,Furniture,Chair,5,0.2,3230.26,129.21
45,2024-12-04,South,Office Supplies,Pen,3,0.05,903.15,63.22
46,2025-05-10,East,Technology,Laptop,6,0.2,627.63,25.11
47,2024-09-01,West,Office Supplies,Paper,1,0.0,1441.95,115.36
48,2025-03-11,East,Technology,Phone,2,0.05,2038.63,142.7
49,2024-07-25,West,Technology,Laptop,1,0.15,936.68,46.83
50,2024-12-02,North,Office Supplies,Paper,5,0.1,1611.52,96.69
51,2024-05-02,South,Furniture,Chair,3,0.1,3042.3,182.54
52,2024-08-22,East,Furniture,Chair,1,0.2,698.26,27.93
53,2024-02-21,West,Technology,Laptop,5,0.1,1080.18,64.81
54,2025-03-27,West,Technology,Laptop,6,0.15,2650.69,132.53
55,2025-03-02,North,Office Supplies,Paper,1,0.2,1008.44,40.34
56,2024-06-02,East,Office Supplies,Pen,3,0.0,1234.23,98.74
57,2025-01-15,West,Office Supplies,Paper,5,0.05,2185.0,152.95
58,2025-01-02,West,Furniture,Chair,5,0.1,3840.03,230.4
59,2025-04-08,East,Technology,Laptop,7,0.0,8732.05,698.56
60,2024-01-02,West,Furniture,Chair,5,0.15,1295.71,64.79
61,2024-10-09,South,Office Supplies,Pen,1,0.05,185.57,12.99
62,2024-10-06,North,Technology,Laptop,3,0.0,1968.25,157.46
63,2024-06-06,East,Furniture,Chair,6,0.05,1985.48,138.98
64,2024-12-07,North,Technology,Laptop,7,0.05,10228.95,716.03
65,2025-04-18,West,Technology,Phone,3,0.0,3973.49,317.88
66,2024-04-01,North,Office Supplies,Pen,7,0.05,8451.16,591.58
67,2024-05-16,East,Technology,Phone,7,0.15,9175.65,458.78
68,2024-04-23,South,Technology,Phone,6,0.05,2830.09,198.11
69,2024-04-24,West,Technology,Laptop,7,0.0,3540.79,283.26
70,2025-05-10,North,Furniture,Chair,7,0.2,7179.81,287.19
71,2024-06-18,East,Technology,Laptop,5,0.1,1421.4,85.28
72,2024-01-20,South,Technology,Laptop,6,0.1,6589.48,395.37
73,2024-08-11,East,Office Supplies,Paper,7,0.05,9458.87,662.12
74,2024-05-10,South,Technology,Laptop,1,0.2,789.48,31.58
75,2024-12-17,West,Office Supplies,Pen,6,0.1,3949.92,237.0
76,2024-11-15,East,Furniture,Chair,5,0.15,3852.71,192.64
77,2024-06-16,North,Furniture,Table,3,0.15,911.77,45.59
78,2024-12-12,West,Office Supplies,Pen,5,0.0,3104.96,248.4
79,2024-06-04,West,Furniture,Chair,7,0.2,8280.46,331.22
80,2024-12-01,South,Furniture,Chair,8,0.05,5395.17,377.66
81,2024-09-18,West,Furniture,Table,2,0.2,880.01,35.2
82,2024-06-20,West,Technology,Laptop,5,0.05,1762.34,123.36
83,2024-03-16,East,Technology,Laptop,4,0.2,5904.9,236.2
84,2025-03-11,South,Technology,Laptop,7,0.2,9320.38,372.82
85,2024-04-09,South,Office Supplies,Pen,8,0.05,4891.89,342.43
86,2024-12-01,East,Office Supplies,Pen,2,0.05,2344.12,164.09
87,2024-03-31,South,Office Supplies,Pen,1,0.0,844.96,67.6
88,2024-08-21,South,Technology,Phone,6,0.15,8556.35,427.82
89,2024-11-09,South,Office Supplies,Pen,8,0.15,10782.94,539.15
90,2024-08-18,West,Furniture,Chair,5,0.2,5767.02,230.68
91,2024-09-05,West,Office Supplies,Pen,5,0.1,3355.06,201.3
92,2024-04-30,North,Furniture,Chair,6,0.0,8050.08,644.01
93,2024-03-11,West,Technology,Phone,7,0.05,7329.32,513.05
94,2024-02-02,South,Furniture,Table,6,0.15,4938.39,246.92
95,2024-02-01,South,Technology,Phone,7,0.2,9514.13,380.57
96,2025-04-29,East,Office Supplies,Pen,7,0.1,5081.51,304.89
97,2024-06-01,South,Furniture,Table,4,0.1,2970.32,178.22
98,2024-08-11,East,Furniture,Table,7,0.15,3622.3,181.12
99,2025-01-05,South,Technology,Phone,3,0.2,4414.41,176.58
100,2024-01-14,East,Furniture,Table,2,0.05,1942.54,135.98
101,2025-03-19,West,Furniture,Table,1,0.1,405.03,24.3
102,2024-04-18,North,Furniture,Table,6,0.15,6879.72,343.99
103,2024-05-22,North,Furniture,Table,2,0.2,1432.11,57.28
104,2024-01-27,West,Furniture,Chair,2,0.0,2352.45,188.2
105,2025-01-21,West,Technology,Laptop,4,0.2,5048.23,201.93
106,2024-03-19,West,Technology,Phone,8,0.2,8086.39,323.46
107,2025-04-30,South,Technology,Phone,5,0.05,5775.05,404.25
108,2024-11-06,East,Office Supplies,Paper,3,0.0,4343.36,347.47
109,2024-10-23,North,Technology,Laptop,7,0.05,4249.34,297.45
110,2024-02-08,West,Office Supplies,Paper,2,0.1,2103.69,126.22
111,2025-03-11,East,Office Supplies,Pen,1,0.15,533.86,26.69
112,2024-12-04,East,Furniture,Chair,6,0.15,232.35,11.62
113,2025-02-25,East,Furniture,Table,7,0.15,10093.76,504.69
114,2024-12-28,South,Technology,Phone,3,0.1,3318.05,199.08
115,2024-11-11,South,Office Supplies,Paper,8,0.2,5317.2,212.69
116,2024-05-17,West,Furniture,Chair,2,0.15,865.63,43.28
117,2024-05-04,South,Furniture,Table,6,0.1,374.86,22.49
118,2024-04-03,West,Furniture,Table,6,0.1,7204.75,432.28
119,2024-05-23,North,Office Supplies,Paper,1,0.05,784.61,54.92
120,2024-02-13,South,Technology,Phone,8,0.05,6733.29,471.33
121,2024-12-19,South,Furniture,Table,8,0.0,9548.33,763.87
122,2024-05-30,South,Technology,Phone,4,0.2,1892.74,75.71
123,2024-07-07,North,Furniture,Table,7,0.2,10465.1,418.6
124,2024-06-18,South,Furniture,Chair,5,0.05,2369.01,165.83
125,2024-03-02,West,Office Supplies,Pen,6,0.2,1181.65,47.27
126,2025-05-01,West,Office Supplies,Pen,4,0.15,1361.0,68.05
127,2024-05-21,North,Office Supplies,Pen,2,0.1,2504.58,150.27
128,2024-04-26,West,Furniture,Chair,5,0.2,204.7,8.19
129,2024-03-05,East,Furniture,Chair,1,0.05,838.97,58.73
130,2024-11-22,East,Furniture,Table,1,0.15,869.62,43.48
131,2024-09-02,North,Furniture,Table,3,0.1,4346.81,260.81
132,2025-04-26,East,Furniture,Table,2,0.0,1226.09,98.09
133,2024-10-22,East,Office Supplies,Pen,3,0.2,722.44,28.9
134,2025-04-30,East,Furniture,Chair,4,0.15,781.23,39.06
135,2024-11-06,West,Office Supplies,Paper,7,0.15,4807.33,240.37
136,2024-06-01,South,Office Supplies,Paper,5,0.0,4307.86,344.63
137,2024-11-08,East,Office Supplies,Pen,4,0.1,3783.05,226.98
138,2024-12-04,West,Technology,Laptop,4,0.0,1108.98,88.72
139,2024-03-21,South,Technology,Laptop,8,0.15,8322.15,416.11
140,2024-05-29,West,Technology,Laptop,5,0.15,5331.47,266.57
141,2024-02-06,West,Office Supplies,Pen,5,0.2,5929.93,237.2
142,2024-12-04,South,Technology,Phone,2,0.05,1651.9,115.63
143,2025-04-10,West,Furniture,Chair,2,0.1,216.53,12.99
144,2024-10-31,North,Office Supplies,Pen,8,0.1,1632.35,97.94
145,2024-12-24,North,Furniture,Table,8,0.2,5343.06,213.72
146,2024-01-21,North,Furniture,Table,5,0.05,291.4,20.4
147,2025-05-07,East,Office Supplies,Pen,5,0.05,4364.23,305.5
148,2024-08-28,South,Office Supplies,Paper,5,0.2,1443.02,57.72
149,2024-08-11,South,Office Supplies,Pen,2,0.15,1431.23,71.56
150,2024-06-19,East,Furniture,Chair,3,0.15,1524.33,76.22
151,2024-05-27,South,Office Supplies,Pen,1,0.1,693.14,41.59
152,2024-05-09,East,Furniture,Chair,7,0.0,9100.47,728.04
153,2024-12-02,South,Office Supplies,Paper,7,0.2,701.55,28.06
154,2024-07-04,South,Office Supplies,Paper,8,0.05,9158.29,641.08
155,2024-05-16,West,Office Supplies,Paper,5,0.15,3342.06,167.1
156,2024-03-03,West,Technology,Laptop,3,0.0,1439.73,115.18
157,2024-10-09,East,Furniture,Table,4,0.0,5954.16,476.33
158,2024-08-24,West,Technology,Laptop,8,0.1,11202.61,672.16
159,2024-09-17,North,Office Supplies,Pen,7,0.15,8787.74,439.39
160,2024-05-04,West,Furniture,Table,7,0.2,2114.72,84.59
161,2024-09-17,West,Office Supplies,Pen,2,0.15,857.69,42.88
162,2024-06-23,North,Office Supplies,Paper,1,0.1,438.6,26.32
163,2025-03-04,South,Office Supplies,Paper,3,0.15,2042.67,102.13
164,2024-06-25,South,Furniture,Chair,8,0.05,11204.97,784.35
165,2024-12-23,South,Technology,Phone,4,0.15,5147.6,257.38
166,2024-01-23,South,Furniture,Chair,7,0.05,4139.78,289.78
167,2024-09-10,West,Technology,Laptop,6,0.15,7842.94,392.15
168,2024-02-21,South,Office Supplies,Paper,1,0.15,1089.22,54.46
169,2025-03-21,West,Office Supplies,Pen,2,0.1,1429.69,85.78
170,2024-06-22,South,Office Supplies,Paper,2,0.2,2561.23,102.45
171,2024-07-13,South,Furniture,Chair,1,0.05,933.84,65.37
172,2024-11-19,North,Office Supplies,Pen,4,0.15,4500.86,225.04
173,2025-05-15,East,Technology,Laptop,8,0.1,2129.76,127.79
174,2025-04-07,East,Technology,Laptop,6,0.1,7189.75,431.38
175,2024-07-02,South,Furniture,Chair,3,0.15,1144.24,57.21
176,2024-10-16,West,Office Supplies,Pen,3,0.2,837.31,33.49
177,2025-03-21,West,Furniture,Table,8,0.05,10967.9,767.75
178,2024-04-28,North,Furniture,Table,8,0.0,3183.07,254.65
179,2025-04-05,North,Furniture,Table,3,0.1,387.95,23.28
180,2024-10-27,South,Furniture,Chair,5,0.1,3480.59,208.84
181,2024-04-11,South,Furniture,Table,2,0.2,742.13,29.69
182,2024-07-02,North,Office Supplies,Paper,5,0.15,262.35,13.12
183,2024-05-20,East,Technology,Laptop,8,0.1,10020.81,601.25
184,2025-02-01,North,Technology,Phone,4,0.2,3848.78,153.95
185,2024-05-08,West,Office Supplies,Pen,2,0.0,2714.07,217.13
186,2024-06-07,East,Furniture,Table,6,0.0,6623.35,529.87
187,2025-04-10,North,Furniture,Chair,7,0.05,1959.63,137.17
188,2025-02-06,North,Office Supplies,Paper,5,0.1,6245.5,374.73
189,2025-04-12,North,Furniture,Table,6,0.15,7261.58,363.08
190,2025-05-08,West,Technology,Laptop,4,0.15,5172.03,258.6
191,2025-05-10,North,Office Supplies,Paper,2,0.0,2380.42,190.43
192,2024-05-15,East,Office Supplies,Paper,8,0.1,4524.05,271.44
193,2024-10-26,North,Furniture,Table,2,0.15,2037.52,101.88
194,2024-01-13,North,Office Supplies,Paper,4,0.15,3914.1,195.71
195,2025-04-10,North,Office Supplies,Pen,7,0.0,1348.76,107.9
196,2025-04-29,North,Technology,Laptop,8,0.05,1534.87,107.44
197,2025-03-30,West,Office Supplies,Paper,7,0.2,4839.75,193.59
198,2024-08-02,West,Office Supplies,Paper,7,0.15,6924.99,346.25
199,2024-11-11,North,Furniture,Table,1,0.05,1041.62,72.91
200,2024-08-15,West,Furniture,Table,6,0.1,1002.27,60.14
201,2024-10-05,North,Office Supplies,Pen,1,0.05,609.25,42.65
202,2025-05-10,South,Technology,Laptop,2,0.2,2001.8,80.07
203,2025-05-12,East,Technology,Laptop,6,0.05,2282.89,159.8
204,2025-02-06,West,Office Supplies,Paper,2,0.2,2496.26,99.85
205,2024-04-16,West,Office Supplies,Paper,4,0.05,2025.07,141.75
206,2025-02-07,East,Office Supplies,Paper,5,0.05,6452.21,451.65
207,2024-03-07,North,Office Supplies,Paper,3,0.0,548.07,43.85
208,2024-03-08,North,Technology,Laptop,4,0.0,3566.01,285.28
209,2024-03-30,East,Furniture,Chair,3,0.2,3353.23,134.13
210,2024-02-28,East,Office Supplies,Pen,8,0.1,5467.58,328.05
211,2024-09-19,East,Office Supplies,Paper,8,0.2,6125.45,245.02
212,2024-01-23,North,Office Supplies,Pen,8,0.0,7777.15,622.17
213,2024-02-01,South,Furniture,Table,7,0.15,7247.97,362.4
214,2024-12-30,East,Furniture,Table,2,0.05,993.45,69.54
215,2024-02-03,North,Technology,Phone,6,0.2,3502.43,140.1
216,2024-09-28,South,Furniture,Chair,7,0.0,1167.49,93.4
217,2025-03-12,West,Office Supplies,Pen,7,0.05,4818.11,337.27
218,2024-07-30,South,Furniture,Chair,7,0.0,4449.65,355.97
219,2024-06-09,North,Furniture,Table,5,0.05,2869.83,200.89
220,2024-12-17,East,Furniture,Table,2,0.0,2502.04,200.16
221,2024-08-09,North,Technology,Laptop,3,0.2,2530.29,101.21
222,2025-05-04,North,Office Supplies,Paper,2,0.15,1255.99,62.8
223,2025-03-20,East,Office Supplies,Pen,5,0.1,4543.03,272.58
224,2024-02-23,West,Office Supplies,Paper,3,0.05,2975.91,208.31
225,2025-03-09,North,Technology,Laptop,6,0.1,1140.18,68.41
226,2024-10-20,South,Technology,Phone,1,0.1,921.31,55.28
227,2024-01-15,North,Technology,Phone,5,0.1,6919.38,415.16
228,2024-01-04,West,Technology,Phone,7,0.0,860.9,68.87
229,2024-02-16,West,Office Supplies,Pen,7,0.1,4489.46,269.37
230,2024-03-21,North,Furniture,Chair,6,0.2,7018.3,280.73
231,2024-11-01,East,Technology,Laptop,3,0.2,758.9,30.36
232,2024-01-26,East,Office Supplies,Pen,5,0.15,3379.04,168.95
233,2024-09-05,South,Office Supplies,Paper,7,0.2,2970.01,118.8
234,2024-02-28,South,Furniture,Chair,2,0.2,878.41,35.14
235,2024-09-06,North,Office Supplies,Paper,1,0.2,346.37,13.85
236,2024-01-29,West,Technology,Laptop,5,0.05,7095.4,496.68
237,2025-01-26,North,Furniture,Chair,6,0.15,1185.46,59.27
238,2025-01-17,West,Furniture,Table,3,0.05,1748.12,122.37
239,2024-09-13,North,Office Supplies,Paper,2,0.0,1215.33,97.23
240,2024-08-11,South,Technology,Laptop,2,0.2,2591.85,103.67
241,2024-08-07,South,Office Supplies,Paper,7,0.15,3139.38,156.97
242,2024-01-11,West,Furniture,Chair,8,0.1,10011.19,600.67
243,2024-02-15,East,Furniture,Table,4,0.15,2659.21,132.96
244,2024-09-25,South,Technology,Laptop,5,0.05,5618.96,393.33
245,2024-06-19,East,Technology,Phone,2,0.05,1610.59,112.74
246,2025-04-08,North,Furniture,Chair,3,0.05,1109.03,77.63
247,2024-05-11,West,Technology,Phone,3,0.0,3435.36,274.83
248,2024-03-31,South,Office Supplies,Pen,8,0.2,9092.64,363.71
249,2024-08-17,North,Office Supplies,Pen,6,0.0,1460.5,116.84
250,2024-08-28,North,Furniture,Table,5,0.1,4476.51,268.59
251,2024-09-16,North,Technology,Laptop,8,0.0,5510.66,440.85
252,2024-07-07,East,Furniture,Chair,2,0.2,1860.42,74.42
253,2024-07-15,East,Furniture,Table,8,0.2,10923.15,436.93
254,2024-11-29,North,Technology,Phone,8,0.0,6096.19,487.7
255,2024-08-18,North,Technology,Laptop,2,0.05,1533.47,107.34
256,2024-01-21,South,Technology,Phone,8,0.2,6364.97,254.6
257,2024-03-22,North,Furniture,Chair,5,0.1,2966.88,178.01
258,2024-12-13,East,Office Supplies,Paper,6,0.0,705.3,56.42
259,2024-10-12,South,Office Supplies,Pen,5,0.2,1964.77,78.59
260,2025-03-23,North,Technology,Phone,2,0.05,1764.91,123.54
261,2025-04-14,North,Furniture,Chair,7,0.0,1475.94,118.08
262,2024-06-07,South,Office Supplies,Paper,6,0.2,7341.08,293.64
263,2024-02-17,South,Office Supplies,Pen,6,0.1,281.89,16.91
264,2024-04-02,North,Technology,Phone,8,0.05,2433.34,170.33
265,2024-03-20,North,Technology,Laptop,2,0.2,1542.76,61.71
266,2025-03-03,East,Office Supplies,Pen,6,0.2,7902.37,316.09
267,2024-03-08,South,Office Supplies,Paper,3,0.2,780.38,31.22
268,2025-02-18,South,Technology,Phone,1,0.05,628.07,43.96
269,2025-05-11,North,Furniture,Table,8,0.05,2930.59,205.14
270,2024-06-07,West,Furniture,Table,6,0.2,6143.36,245.73
271,2024-08-13,North,Furniture,Table,7,0.15,5350.11,267.51
272,2025-05-09,West,Technology,Phone,3,0.0,3936.13,314.89
273,2024-11-24,North,Furniture,Table,2,0.2,2145.75,85.83
274,2025-03-11,North,Technology,Laptop,2,0.1,2298.83,137.93
275,2024-08-18,West,Office Supplies,Paper,7,0.05,1090.15,76.31
276,2025-02-22,North,Furniture,Table,1,0.15,634.05,31.7
277,2024-09-14,West,Furniture,Chair,7,0.1,10443.28,626.6
278,2024-04-24,North,Technology,Laptop,2,0.1,2523.96,151.44
279,2025-02-09,West,Technology,Phone,1,0.15,444.58,22.23
280,2024-12-22,South,Technology,Phone,8,0.0,7445.72,595.66
281,2024-01-10,West,Furniture,Chair,3,0.2,2496.69,99.87
282,2024-09-27,East,Furniture,Table,5,0.0,1858.54,148.68
283,2024-01-25,South,Technology,Phone,8,0.15,903.64,45.18
284,2024-11-01,East,Office Supplies,Paper,4,0.1,4333.78,260.03
285,2024-08-07,North,Technology,Laptop,4,0.05,3458.33,242.08
286,2024-12-06,East,Office Supplies,Pen,6,0.2,720.99,28.84
287,2024-10-05,East,Office Supplies,Paper,7,0.0,9187.71,735.02
288,2024-11-21,North,Furniture,Table,5,0.1,5630.14,337.81
289,2025-02-07,North,Technology,Laptop,4,0.0,4419.01,353.52
290,2025-01-30,North,Office Supplies,Paper,3,0.2,256.85,10.27
291,2024-06-22,West,Office Supplies,Pen,8,0.15,11772.9,588.64
292,2024-11-19,West,Technology,Phone,2,0.15,2159.49,107.97
293,2024-01-19,West,Furniture,Chair,1,0.0,1190.84,95.27
294,2024-06-10,South,Furniture,Chair,8,0.05,3159.23,221.15
295,2024-05-26,East,Furniture,Chair,6,0.1,2546.16,152.77
296,2024-08-11,South,Furniture,Table,7,0.05,3652.42,255.67
297,2024-09-11,South,Office Supplies,Pen,6,0.2,8327.88,333.12
298,2024-05-16,South,Technology,Laptop,2,0.05,1314.6,92.02
299,2024-10-06,North,Furniture,Chair,2,0.1,277.0,16.62
300,2024-06-05,South,Furniture,Table,3,0.1,3122.56,187.35
301,2024-08-16,North,Technology,Laptop,7,0.0,2984.39,238.75
302,2024-02-08,South,Office Supplies,Pen,6,0.05,4676.2,327.33
303,2025-05-02,West,Technology,Laptop,8,0.0,572.02,45.76
304,2024-04-30,North,Office Supplies,Pen,6,0.2,3519.75,140.79
305,2024-01-17,West,Office Supplies,Paper,8,0.1,11394.07,683.64
306,2024-08-15,West,Technology,Laptop,6,0.1,3654.54,219.27
307,2024-05-07,East,Technology,Laptop,3,0.15,2275.76,113.79
308,2025-04-12,East,Office Supplies,Paper,5,0.15,5834.74,291.74
309,2024-04-19,North,Office Supplies,Paper,8,0.05,2530.11,177.11
310,2025-03-12,South,Technology,Laptop,3,0.15,4050.13,202.51
311,2024-02-14,North,Office Supplies,Pen,6,0.2,6420.72,256.83
312,2024-10-04,North,Furniture,Chair,3,0.05,3220.43,225.43
313,2025-02-10,West,Furniture,Chair,2,0.05,2955.99,206.92
314,2024-05-01,East,Furniture,Table,6,0.1,5039.71,302.38
315,2024-08-27,West,Office Supplies,Paper,2,0.15,234.61,11.73
316,2025-01-02,South,Office Supplies,Pen,7,0.2,8108.54,324.34
317,2024-02-07,North,Technology,Phone,2,0.2,1371.92,54.88
318,2024-06-25,West,Technology,Phone,3,0.0,1980.83,158.47
319,2025-03-01,West,Technology,Laptop,5,0.1,1318.46,79.11
320,2025-04-23,West,Office Supplies,Pen,6,0.2,8533.65,341.35
321,2025-04-03,East,Furniture,Chair,5,0.2,1552.63,62.11
322,2024-05-20,North,Technology,Phone,2,0.05,1527.62,106.93
323,2024-10-30,West,Office Supplies,Paper,3,0.2,2984.77,119.39
324,2024-06-21,East,Office Supplies,Paper,1,0.2,140.21,5.61
325,2024-05-15,West,Office Supplies,Pen,7,0.0,6543.6,523.49
326,2024-09-11,North,Office Supplies,Pen,5,0.15,3673.79,183.69
327,2024-06-01,East,Furniture,Table,1,0.15,253.96,12.7
328,2024-09-04,West,Furniture,Table,6,0.1,5507.14,330.43
329,2025-03-17,North,Office Supplies,Pen,6,0.05,8781.32,614.69
330,2025-01-24,East,Furniture,Chair,6,0.0,2266.63,181.33
331,2024-05-16,West,Furniture,Table,3,0.1,489.84,29.39
332,2025-04-29,South,Furniture,Table,4,0.05,5779.1,404.54
333,2025-02-20,North,Furniture,Chair,4,0.15,4597.68,229.88
334,2024-09-20,South,Furniture,Table,5,0.0,3780.54,302.44
335,2025-04-28,South,Furniture,Table,4,0.1,1353.65,81.22
336,2024-01-25,North,Technology,Laptop,8,0.15,7234.62,361.73
337,2024-05-26,East,Office Supplies,Paper,2,0.1,1315.55,78.93
338,2025-01-07,South,Furniture,Chair,6,0.0,521.75,41.74
339,2024-10-18,West,Office Supplies,Paper,6,0.0,5032.62,402.61
340,2024-07-16,South,Office Supplies,Paper,5,0.2,6207.3,248.29
341,2024-12-14,East,Office Supplies,Paper,3,0.15,4389.37,219.47
342,2024-07-10,North,Furniture,Chair,3,0.2,943.82,37.75
343,2024-07-24,East,Office Supplies,Paper,1,0.1,77.59,4.66
344,2025-02-15,South,Furniture,Table,3,0.2,2751.8,110.07
345,2024-03-12,North,Furniture,Chair,3,0.2,1804.72,72.19
346,2025-01-13,North,Furniture,Chair,8,0.1,8551.48,513.09
347,2024-08-31,North,Technology,Laptop,6,0.15,6103.4,305.17
348,2024-10-25,East,Furniture,Chair,8,0.2,3303.88,132.16
349,2024-10-22,East,Technology,Phone,8,0.2,2178.86,87.15
350,2025-01-31,West,Furniture,Table,4,0.0,266.9,21.35
351,2024-04-07,South,Technology,Laptop,6,0.15,3838.77,191.94
352,2024-12-19,South,Technology,Phone,8,0.0,10494.16,839.53
353,2024-12-27,West,Technology,Phone,6,0.15,8983.33,449.17
354,2024-09-26,North,Furniture,Table,3,0.2,2100.91,84.04
355,2024-06-24,North,Office Supplies,Paper,5,0.05,4614.57,323.02
356,2025-05-05,North,Technology,Phone,5,0.1,1764.02,105.84
357,2025-01-29,West,Furniture,Chair,8,0.1,3913.76,234.83
358,2024-10-13,North,Office Supplies,Pen,5,0.2,1001.87,40.07
359,2024-07-13,North,Furniture,Table,3,0.1,1349.61,80.98
360,2025-05-04,East,Office Supplies,Pen,6,0.1,8325.21,499.51
361,2025-01-17,West,Furniture,Table,4,0.1,4981.47,298.89
362,2025-04-22,North,Office Supplies,Paper,3,0.2,544.97,21.8
363,2024-05-02,East,Technology,Phone,4,0.0,3856.63,308.53
364,2024-02-21,North,Furniture,Table,8,0.05,1350.45,94.53
365,2024-01-03,West,Office Supplies,Paper,7,0.15,6903.97,345.2
366,2024-09-01,West,Office Supplies,Pen,5,0.0,2476.64,198.13
367,2025-04-09,West,Technology,Laptop,1,0.05,1371.58,96.01
368,2024-08-01,East,Technology,Phone,7,0.05,8303.27,581.23
369,2025-04-24,North,Office Supplies,Pen,1,0.2,33.72,1.35
370,2024-11-04,North,Technology,Laptop,5,0.2,3462.18,138.49
371,2024-09-25,West,Furniture,Table,8,0.0,3390.39,271.23
372,2024-06-18,South,Technology,Phone,5,0.0,5417.63,433.41
373,2025-01-12,North,Furniture,Chair,4,0.15,1118.93,55.95
374,2025-02-27,North,Furniture,Table,2,0.0,1226.47,98.12
375,2024-04-04,South,Technology,Phone,6,0.0,8430.13,674.41
376,2024-05-13,West,Furniture,Table,8,0.1,9084.48,545.07
377,2024-06-03,East,Office Supplies,Paper,5,0.05,4937.26,345.61
378,2024-02-01,East,Office Supplies,Pen,8,0.15,3792.59,189.63
379,2024-12-17,North,Office Supplies,Paper,2,0.1,1930.59,115.84
380,2024-07-07,West,Office Supplies,Paper,4,0.15,5747.57,287.38
381,2024-03-19,North,Furniture,Table,7,0.15,7412.11,370.61
382,2025-01-22,West,Office Supplies,Paper,4,0.2,4107.62,164.3
383,2025-03-23,South,Technology,Laptop,6,0.2,813.55,32.54
384,2024-02-27,West,Technology,Laptop,3,0.2,790.54,31.62
385,2024-08-14,West,Technology,Laptop,8,0.2,1236.75,49.47
386,2024-08-16,South,Technology,Laptop,3,0.15,2338.82,116.94
387,2024-10-15,South,Technology,Laptop,5,0.15,5452.27,272.61
388,2024-05-10,West,Technology,Laptop,2,0.1,174.06,10.44
389,2024-12-24,East,Technology,Laptop,2,0.15,2958.97,147.95
390,2024-01-17,South,Furniture,Chair,3,0.15,3474.24,173.71
391,2024-07-10,South,Furniture,Table,7,0.2,4031.69,161.27
392,2024-03-09,North,Office Supplies,Pen,2,0.2,568.28,22.73
393,2024-07-20,West,Office Supplies,Paper,4,0.0,5022.14,401.77
394,2025-05-15,South,Furniture,Chair,7,0.05,5650.83,395.56
395,2024-05-06,North,Furniture,Table,3,0.0,1283.88,102.71
396,2024-01-17,South,Office Supplies,Pen,1,0.0,376.19,30.1
397,2024-02-21,East,Office Supplies,Paper,8,0.0,7237.77,579.02
398,2024-05-05,East,Office Supplies,Pen,7,0.2,4687.65,187.51
399,2024-04-21,West,Technology,Laptop,5,0.2,1832.8,73.31
400,2024-06-12,North,Office Supplies,Paper,4,0.05,1866.45,130.65
401,2024-12-04,West,Office Supplies,Paper,7,0.0,3253.19,260.26
402,2024-10-12,West,Office Supplies,Paper,7,0.0,5898.61,471.89
403,2025-05-12,South,Furniture,Chair,6,0.15,6303.22,315.16
404,2024-03-17,South,Furniture,Chair,3,0.15,3409.61,170.48
405,2024-05-03,North,Technology,Phone,3,0.0,3637.65,291.01
406,2024-10-14,South,Furniture,Table,3,0.1,1784.58,107.07
407,2024-04-14,East,Furniture,Chair,8,0.0,10190.06,815.2
408,2024-10-01,West,Office Supplies,Pen,1,0.2,417.32,16.69
409,2024-11-04,East,Technology,Laptop,4,0.2,4843.53,193.74
410,2025-01-05,West,Office Supplies,Pen,8,0.1,2633.25,158.0
411,2024-06-04,West,Technology,Laptop,4,0.0,5775.5,462.04
412,2025-01-17,West,Furniture,Table,4,0.05,2428.06,169.96
413,2024-10-09,North,Furniture,Chair,7,0.1,4970.35,298.22
414,2024-06-06,North,Furniture,Chair,8,0.15,5677.49,283.87
415,2025-01-24,West,Furniture,Chair,6,0.0,2898.75,231.9
416,2024-10-15,West,Technology,Phone,1,0.2,405.95,16.24
417,2024-10-23,South,Office Supplies,Pen,5,0.1,1227.84,73.67
418,2024-04-27,West,Furniture,Table,8,0.1,6679.61,400.78
419,2024-05-11,South,Furniture,Table,8,0.1,2151.89,129.11
420,2024-03-27,South,Technology,Phone,3,0.2,4131.03,165.24
421,2024-11-24,East,Technology,Laptop,2,0.0,2837.76,227.02
422,2025-01-26,South,Technology,Laptop,3,0.05,3800.9,266.06
423,2024-02-04,West,Office Supplies,Pen,1,0.15,343.71,17.19
424,2024-07-10,South,Technology,Laptop,8,0.2,346.26,13.85
425,2024-10-09,East,Furniture,Table,1,0.1,803.54,48.21
426,2024-10-01,East,Furniture,Chair,7,0.05,8491.9,594.43
427,2024-02-24,West,Technology,Laptop,4,0.2,1216.24,48.65
428,2024-05-09,North,Furniture,Chair,7,0.15,958.64,47.93
429,2024-08-23,West,Office Supplies,Paper,4,0.0,1855.85,148.47
430,2024-11-30,East,Office Supplies,Pen,2,0.15,1239.62,61.98
431,2024-10-09,East,Furniture,Table,1,0.0,1060.21,84.82
432,2024-09-12,North,Furniture,Table,2,0.0,2688.58,215.09
433,2024-04-27,South,Technology,Phone,5,0.0,444.56,35.56
434,2024-12-16,East,Furniture,Chair,3,0.1,4183.72,251.02
435,2024-01-09,West,Technology,Phone,7,0.1,9763.14,585.79
436,2024-03-24,West,Office Supplies,Paper,7,0.2,7154.08,286.16
437,2024-06-18,West,Furniture,Table,2,0.1,1522.35,91.34
438,2024-01-28,South,Technology,Laptop,4,0.1,5044.95,302.7
439,2024-11-05,South,Office Supplies,Paper,6,0.1,383.08,22.98
440,2025-02-05,South,Furniture,Table,4,0.15,2186.4,109.32
441,2024-08-09,South,Technology,Phone,2,0.1,2325.62,139.54
442,2025-02-12,East,Technology,Phone,2,0.15,833.2,41.66
443,2024-12-30,West,Office Supplies,Pen,7,0.0,3420.79,273.66
444,2024-02-16,North,Technology,Laptop,8,0.1,4421.42,265.29
445,2024-02-22,East,Technology,Phone,3,0.2,1973.55,78.94
446,2024-10-11,South,Office Supplies,Paper,2,0.1,117.74,7.06
447,2024-10-10,North,Technology,Laptop,7,0.15,267.85,13.39
448,2024-07-17,West,Technology,Laptop,3,0.05,3102.8,217.2
449,2024-03-12,North,Furniture,Chair,5,0.0,3749.12,299.93
450,2024-03-26,North,Furniture,Table,7,0.0,3245.43,259.63
451,2024-07-03,West,Furniture,Chair,8,0.05,7190.67,503.35
452,2024-08-22,West,Technology,Laptop,5,0.15,150.08,7.5
453,2024-06-19,South,Office Supplies,Paper,6,0.15,4029.18,201.46
454,2025-02-21,West,Office Supplies,Pen,5,0.05,2472.92,173.1
455,2024-09-02,West,Furniture,Chair,7,0.1,10175.99,610.56
456,2025-01-11,South,Office Supplies,Pen,4,0.1,2009.25,120.55
457,2025-02-22,North,Furniture,Table,2,0.05,2798.92,195.92
458,2024-10-30,West,Office Supplies,Paper,1,0.15,1430.45,71.52
459,2025-04-27,West,Office Supplies,Pen,8,0.0,9604.6,768.37
460,2025-02-23,South,Furniture,Table,3,0.05,2872.01,201.04
461,2024-05-09,West,Office Supplies,Pen,7,0.0,8314.84,665.19
462,2024-08-17,South,Office Supplies,Paper,7,0.15,5676.05,283.8
463,2024-10-05,North,Technology,Laptop,2,0.05,363.73,25.46
464,2024-12-02,North,Office Supplies,Pen,3,0.0,2932.68,234.61
465,2024-10-15,South,Office Supplies,Pen,6,0.15,8695.56,434.78
466,2024-02-24,East,Technology,Laptop,5,0.2,1742.81,69.71
467,2024-10-12,West,Office Supplies,Paper,8,0.15,4589.58,229.48
468,2025-01-30,West,Office Supplies,Pen,6,0.15,8979.6,448.98
469,2024-02-23,South,Furniture,Chair,2,0.05,383.57,26.85
470,2024-06-27,North,Furniture,Chair,8,0.2,9445.76,377.83
471,2024-09-04,South,Furniture,Chair,2,0.15,1336.97,66.85
472,2024-06-12,North,Technology,Laptop,1,0.0,1219.08,97.53
473,2024-01-12,East,Furniture,Chair,3,0.05,4188.86,293.22
474,2024-09-21,West,Technology,Phone,6,0.15,5091.46,254.57
475,2024-04-28,West,Furniture,Table,3,0.15,2903.73,145.19
476,2024-07-21,West,Technology,Laptop,8,0.15,7171.69,358.58
477,2024-01-03,West,Office Supplies,Pen,4,0.0,1727.8,138.22
478,2024-10-22,West,Technology,Laptop,6,0.15,3014.75,150.74
479,2024-02-28,South,Furniture,Chair,6,0.2,5421.1,216.84
480,2024-07-19,East,Office Supplies,Paper,6,0.15,3245.63,162.28
481,2024-11-12,North,Technology,Phone,2,0.1,2029.45,121.77
482,2024-03-01,North,Technology,Phone,2,0.05,581.81,40.73
483,2024-09-18,South,Furniture,Table,3,0.15,2612.14,130.61
484,2024-04-05,West,Furniture,Table,3,0.05,2234.01,156.38
485,2024-04-05,South,Furniture,Chair,1,0.0,1300.97,104.08
486,2024-09-05,West,Technology,Phone,7,0.2,10125.27,405.01
487,2024-11-30,South,Furniture,Table,8,0.15,5081.06,254.05
488,2024-09-07,East,Technology,Phone,1,0.05,1197.9,83.85
489,2024-05-29,North,Technology,Laptop,4,0.05,3262.64,228.38
490,2025-02-03,South,Furniture,Table,2,0.1,1735.23,104.11
491,2025-01-31,North,Office Supplies,Paper,1,0.15,1144.81,57.24
492,2024-10-06,South,Technology,Phone,2,0.05,2218.53,155.3
493,2024-06-01,South,Technology,Laptop,5,0.0,2679.47,214.36
494,2024-08-12,West,Technology,Laptop,4,0.2,4879.36,195.17
495,2024-12-18,South,Furniture,Chair,3,0.05,2795.71,195.7
496,2025-02-20,East,Technology,Phone,6,0.2,4846.65,193.87
497,2024-10-02,North,Technology,Phone,5,0.1,2241.07,134.46
498,2025-05-02,East,Office Supplies,Paper,3,0.15,4334.71,216.74
499,2025-04-15,North,Technology,Laptop,3,0.05,3174.33,222.2
500,2024-05-07,North,Technology,Phone,4,0.15,4587.92,229.4
